,Susceptible Humans,Exposed Humans,Asymptomatic Infected Humans,Symptomatic Infected Humans,Recovered Humans,Susceptible Vectors,Exposed Vectors,Infected Vectors
0,60.0,0.0,20.0,20.0,0.0,4000.0,2.0,2.0
1,59.996796481152764,0.0030547916370389436,17.387234192683305,17.387234192683305,5.225680341843582,3141.9627129112546,5.471364850169296,2.2189795356083737
2,59.992509263122805,0.00685440018397674,15.115965526144453,15.115965526144453,9.76870528440431,2468.0984291020927,6.758807166001656,2.7502076002710534
3,59.98677241407322,0.011673132067790935,13.141620103050489,13.141620103050489,13.718314247757998,1938.8771475499834,6.816323482912266,3.261506572296328
4,59.97964803869565,0.017352267371317003,11.425447052585662,11.425447052585662,17.152105588761703,1523.2351762372884,6.239418471630915,3.6133287592871697
5,59.97146118559851,0.023498155991182032,9.933768099370509,9.933768099370509,20.137504459669294,1196.8254808831753,5.386538452059424,3.772659902812172
6,59.962626685692385,0.029672021271811698,8.63723582384872,8.63723582384872,22.733229645338355,940.4116040226588,4.472266140913147,3.7531230738340953
7,59.953590454832046,0.035447502213584996,7.51038041100479,7.51038041100479,24.990201220944787,739.0288442319738,3.606576282202964,3.5949562659938756
8,59.94473058079773,0.0405027084254495,6.530995346973293,6.530995346973293,26.95277601683023,580.8404801856732,2.8437473159579065,3.3408264558256966
9,59.936335425035836,0.04463005705065318,5.679729835028514,5.679729835028514,28.65957484785648,456.46866518012615,2.2041803316382556,3.0285094986701693
10,59.92860220556029,0.04773798466300615,4.939906348344797,4.939906348344797,30.14384711308711,358.85974170920906,1.6831022084693767,2.6899980734330384
11,59.921647025462555,0.0498091409211901,4.296846353782733,4.296846353782733,31.434851126050788,282.1502773092826,1.269877077355621,2.349569201129254
12,59.91551991725362,0.05089115611945896,3.7378169029157036,3.7378169029157036,32.55795512079551,221.77383177329338,0.9476672430827335,2.0247139540665398
13,59.91019251853562,0.05111241999954722,3.251901583496048,3.251901583496048,33.534891894472736,174.38720960995346,0.7020933494743657,1.7225968357626855
14,59.9056297738295,0.05058691700785321,2.829469842103104,2.829469842103104,34.384843624956424,137.16120111642402,0.5170709460102921,1.4501025677122295
15,59.90178131066052,0.049429485766082755,2.4621351554128914,2.4621351554128914,35.12451889274761,107.83222581407564,0.3769149746614632,1.211837483387868
16,59.898553121336285,0.04779294756700639,2.1427488080672723,2.1427488080672723,35.76815631496216,84.79614626488348,0.2736214029996067,1.0046048044294351
17,59.89586696963148,0.045797812274939675,1.8650220125552792,1.8650220125552792,36.32829119298302,66.70712967136903,0.1985008433654159,0.8266838602101733
18,59.89365710165918,0.043539224909434245,1.6234481192077224,1.6234481192077224,36.81590743501594,52.455668672297186,0.14262313110594926,0.6772661157536909
19,59.89184505923797,0.041117397794642574,1.4133303769121932,1.4133303769121932,37.24037678914299,41.2521482323712,0.10209489986988918,0.5520945084545421
20,59.890365917959514,0.038609712515354985,1.2305605193170046,1.2305605193170046,37.609903330891115,32.45204844236185,0.0731659843162348,0.44786526811176813
21,59.889166569574506,0.036074931719864596,1.0715350526110083,1.0715350526110083,37.931688393483604,25.52181404105098,0.0520311404958594,0.36217489524990243
22,59.88819677082212,0.03356320453264812,0.9331699488813803,0.9331699488813803,38.21190012688247,20.072528230490263,0.03689730426686843,0.29191371879508377
23,59.8874149880794,0.031111752183164216,0.8127722569946981,0.8127722569946981,38.45592874574803,15.790826744604278,0.026213235767708322,0.2345296885731326
24,59.88678714873344,0.028747511737256794,0.7079822185653623,0.7079822185653623,38.66850090239857,12.419160616966394,0.018492924483854135,0.1880113380871358
25,59.88628403759163,0.026489711531226805,0.6167772578810202,0.6167772578810202,38.85367173511509,9.768253831951192,0.013029579695077228,0.1503771826496205
26,59.885881769345836,0.02435089652627008,0.5373882127854224,0.5373882127854224,39.014990908557046,7.684695155874882,0.009198362995558401,0.12002285188831535
27,59.88556076777781,0.022338542237830286,0.46826827587945596,0.46826827587945596,39.155564138225444,6.0439488803411585,0.006449321165834073,0.09564540079950136
28,59.8853051076748,0.02045556842255644,0.40809041488920256,0.40809041488920256,39.27805849412423,4.754189127516112,0.004523816163348016,0.07610033974725815
29,59.88510178332433,0.018702043039490062,0.3556905841376865,0.3556905841376865,39.38481500536081,3.740110605366278,0.003177483389930268,0.060465417884813216
30,59.88494022690709,0.01707577858648018,0.3100542066013602,0.3100542066013602,39.47787558130371,2.9415960978533082,0.0022175013453699342,0.047987136917945414
31,59.88481210198653,0.01557248279249706,0.2703094434257817,0.2703094434257817,39.5589965283694,2.3140160185930765,0.0015507225802422304,0.03804475613922695
32,59.88471055730725,0.014186994117862398,0.2356895955393191,0.2356895955393191,39.629723257496245,1.820400841575157,0.001084740204943252,0.030134222847022607
33,59.88463010956197,0.012913342071607213,0.20552865193630762,0.20552865193630762,39.6913992444938,1.4317494014990113,0.0007542274019412714,0.023847830814226506
34,59.884566499055005,0.011744882356714668,0.1792531009874032,0.1792531009874032,39.745182416613474,1.1263528007880024,0.0005263498159749372,0.01886084089965955
35,59.88451619835223,0.010674975553737462,0.1563576258883602,0.1563576258883602,39.792093574317306,0.8860814238795867,0.00036711735575448287,0.014906991649735747
36,59.884476424054206,0.009696898377692983,0.13640418087706557,0.13640418087706557,39.833018315813966,0.6968818188956011,0.0002543447316859065,0.011773991303742834
37,59.884445043549896,0.008803917518807616,0.1190156081088383,0.1190156081088383,39.868719822713615,0.5482576291547023,0.00017721259023710525,0.009296428842020612
38,59.88442027207638,0.007989635617507335,0.10385876873044836,0.10385876873044836,39.89987255484521,0.4313446377716405,0.00012361739981753408,0.007337088017577396
39,59.884400697036945,0.0072479121257072975,0.09064410769329855,0.09064410769329855,39.92706317545074,0.3391988061607034,8.523145156814611e-05,0.005786755069336218
40,59.88438527807274,0.006572827864338304,0.07912426497645056,0.07912426497645056,39.95079336411002,0.26683587760169536,5.913747519317428e-05,0.00456358380571976
41,59.884373136546756,0.005958869757173586,0.06908023307310035,0.06908023307310035,39.97150752754986,0.21000899608822582,4.158186394041146e-05,0.0035989750430454708
42,59.88436353904737,0.005400918177621076,0.060319232173688606,0.060319232173688606,39.98959707842763,0.16515446497798342,2.8662123792289527e-05,0.002835969566834801
43,59.884355970994505,0.004894136619269287,0.0526777635583091,0.0526777635583091,40.0053943652696,0.12984660828808559,1.9590370272881597e-05,0.002233754796163609
44,59.88435002976098,0.004434045707840006,0.046013826107599076,0.046013826107599076,40.01918827231598,0.10218854713358472,1.3713422998352981e-05,0.0017604061204776712
45,59.88434535723486,0.004016531409749103,0.04020045217576459,0.04020045217576459,40.031237207003855,0.08047316430558801,9.825928763459642e-06,0.0013877885891333398
46,59.88434165527169,0.0036378155180780336,0.035126135024098726,0.035126135024098726,40.041768259162026,0.06327447068150971,6.729235291973508e-06,0.0010925548646837856
47,59.88433873732495,0.0032943945744557243,0.03069774224913601,0.03069774224913601,40.05097138360232,0.049732265003327565,4.548140161521466e-06,0.0008597189554185895
48,59.88433645176012,0.002983068651097975,0.02683399367616742,0.02683399367616742,40.05901249223644,0.039140503048364944,3.180067229718797e-06,0.0006771857288920557
49,59.884334659489355,0.002700904141037399,0.023461809624933612,0.023461809624933612,40.066040817119735,0.030845114122524185,2.333977266970872e-06,0.0005339435830418009
50,59.8843332397004,0.0024452289308142445,0.02051672876246186,0.02051672876246186,40.07218807384386,4000.0,1.6330422422892605e-06,0.00042047928001558556
51,59.88433242957065,0.0022133113929653616,0.017944843498494314,0.017944843498494314,40.0775645720394,3146.4962867127697,0.004285065826237434,0.0007280037346628406
52,59.88433057784366,0.002004459181284789,0.015698696461046494,0.015698696461046494,40.08226757005296,2475.1282271151126,0.006098643292419176,0.0014353913938857101
53,59.88432714591987,0.0018169891858914966,0.01373675755272214,0.01373675755272214,40.0863823497888,1946.995375277422,0.006492657952972465,0.002151045820503765
54,59.8843221045376,0.001648889005726376,0.012022853595655284,0.012022853595655284,40.08998329926536,1531.5545619012748,0.006121297774366339,0.0027072752014524965
55,59.88431571158506,0.0014980693896882189,0.01052543672799291,0.01052543672799291,40.093135345569266,1204.7611069299464,0.005390799411860659,0.0030511856349132874
56,59.8843083826789,0.0013624884597139854,0.009216979630995143,0.009216979630995143,40.095895169599395,947.7015898249632,0.004539949050383539,0.0031933136916620125
57,59.88430055477813,0.001240281372625589,0.008073451268773,0.008073451268773,40.098312261311705,745.4607091526127,0.0037059218954200186,0.003167569214132381
58,59.884292651760845,0.001129773775600321,0.007073927453597785,0.007073927453597785,40.10042971955637,586.4458447094776,0.002950472331824938,0.003021888063089049
59,59.88428498587246,0.0010295498980658797,0.006200027464612069,0.006200027464612069,40.10228540930025,461.252130611972,0.0023073622548608888,0.002794526661580798
60,59.8842777992109,0.000938409296466234,0.005435871357650387,0.005435871357650387,40.10391204877734,362.82538258725424,0.0017766107051723984,0.0025219304926661786
61,59.884271239002544,0.000855350052973198,0.004767527492401074,0.004767527492401074,40.10533835595969,285.48882650272543,0.0013504369227337826,0.0022310165777247315
62,59.88426539297303,0.0007795070433905325,0.004182730053416581,0.004182730053416581,40.10658963987675,224.5322172955249,0.0010152517417113458,0.0019432366296274223
63,59.88426026856715,0.000710194826472756,0.003670958297025375,0.003670958297025375,40.107687620012335,176.58339252445933,0.0007561575570877662,0.001669771910448458
64,59.88425582816972,0.0006468357641234015,0.003223020031314988,0.003223020031314988,40.10865129600353,138.96636420864317,0.0005609482080584634,0.0014158970275020217
65,59.88425204989226,0.0005888747640951015,0.002830755007842169,0.002830755007842169,40.10949756532796,109.35213886187907,0.0004133223255515392,0.0011895891320425507
66,59.88424887703937,0.0005358488805379052,0.0024871011011704147,0.0024871011011704147,40.11024107187776,85.98949033419231,0.00030111615481127115,0.000993062728053248
67,59.88424621928975,0.00048738169920725606,0.0021860159667182926,0.0021860159667182926,40.110894367077606,67.64608184435798,0.00021906715779836778,0.000822137626607845
68,59.88424401046189,0.00044310209681988426,0.0019221274514012578,0.0019221274514012578,40.11146863253849,53.24447089054486,0.00015980838248275434,0.0006754564912231336
69,59.88424219969515,0.00040265538162700417,0.0016907002668526626,0.0016907002668526626,40.111973744389516,41.87759223749833,0.00011506125212041821,0.0005531114515437306
70,59.88424071776902,0.00036574486080258523,0.0014877005799315813,0.0014877005799315813,40.112418136210316,32.93001929201539,8.226187108451874e-05,0.0004509892094118248
71,59.88423950690973,0.00033209058204245525,0.001309610477719218,0.001309610477719218,40.11280918155279,25.91461824507667,5.9302483375834973e-05,0.0003656305548014051
72,59.88423852421353,0.0003014222608742444,0.0011532898393343963,0.0011532898393343963,40.11315347384693,20.399389751663552,4.290536317721928e-05,0.00029522014784701085
73,59.88423773294083,0.0002734891751747082,0.0010159892107320058,0.0010159892107320058,40.11345679946253,16.037670822669426,3.0313895836485565e-05,0.00023815020305748146
74,59.884237095044305,0.00024806886842493504,0.0008953915059601636,0.0008953915059601636,40.113724053075345,12.609498087520501,2.1360295335886405e-05,0.0001915386649211666
75,59.884236581529414,0.00022495030668451477,0.0007894466071499012,0.0007894466071499012,40.1139595749496,9.926912814989768,1.539062714187345e-05,0.0001534185561401044
76,59.884236169899566,0.00020393495067916643,0.0006963163713866224,0.0006963163713866224,40.11416726240698,7.818970368181031,1.1229244695653033e-05,0.0001225504520083853
77,59.88423584163527,0.00018483925956734208,0.0006143874949841511,0.0006143874949841511,40.1143505441152,6.146620120446128,7.846079371621853e-06,9.79334324092875e-05
78,59.884235579489506,0.00016749804006130413,0.0005423136733543109,0.0005423136733543109,40.11451229512372,4.830627380962871,5.431762777500729e-06,7.812912561258733e-05
79,59.88423537063442,0.00015175723492684407,0.00047890667960446187,0.00047890667960446187,40.11465505877144,3.802339760500112,3.879021081309114e-06,6.217523192742047e-05
80,59.8842352044698,0.0001374740290794004,0.00042309374570960494,0.00042309374570960494,40.1147811340097,2.997542549139254,2.8894361753154743e-06,4.936578437110169e-05
81,59.88423507245896,0.00012451693640586157,0.0003739202745873277,0.0003739202745873277,40.11489257005546,2.3586669502131867,2.0508866161998996e-06,3.920468173767893e-05
82,59.884234967505634,0.00011276671345521702,0.00033058505291639283,0.00033058505291639283,40.11499109567507,1.85322467079377,1.4029968009185918e-06,3.1112900297656686e-05
83,59.88423488440306,0.00010211450929512858,0.0002923996283596828,0.0002923996283596828,40.115078201830926,1.4575544980510657,9.770629799553583e-07,2.4664416070175325e-05
84,59.8842348187302,9.245990795060321e-05,0.00025874007979170355,0.00025874007979170355,40.11515524120226,1.1487008885154595,7.198851656438396e-07,1.953154549473224e-05
85,59.88423476670778,8.371086574342166e-05,0.00022904588797418665,0.00022904588797418665,40.11522343065052,0.9051590172613013,5.30509082232372e-07,1.5457627805727456e-05
86,59.884234725360315,7.578360154022674e-05,0.00020283129512339046,0.00020283129512339046,40.11528382844789,0.71136705685583,3.629651970300612e-07,1.2225764656188126e-05
87,59.88423469267903,6.860266538568772e-05,0.0001796915701021578,0.0001796915701021578,40.115337321515376,0.559103808879341,2.4756059059286414e-07,9.66302332502447e-06
88,59.88423466696435,6.209895225362039e-05,0.00015926286795526438,0.00015926286795526438,40.11538470834748,0.4402381310679965,1.7706682241707452e-07,7.637176814873625e-06
89,59.88423464670213,5.620906190164536e-05,0.0001412164818937245,0.0001412164818937245,40.11542671127218,0.3471325985999397,1.33115801620291e-07,6.0354551522845506e-06
90,59.884234630604105,5.087526283465259e-05,0.00012526029941595156,0.00012526029941595156,40.115463973534226,0.27307167764805546,9.307504730018418e-08,4.764823128180331e-06
91,59.884234617858645,4.604566898756661e-05,0.00011114972376518228,0.00011114972376518228,40.11549703702483,0.21455541533068478,6.288759854802875e-08,3.757942600852595e-06
92,59.88423460784329,4.167340427815826e-05,9.867156281490933e-05,9.867156281490933e-05,40.1155263756268,0.16878017877842189,4.3628848795434537e-08,2.96465907577507e-06
93,59.88423459998661,3.771539623609272e-05,8.763232358301178e-05,8.763232358301178e-05,40.11555241996998,0.13303907960152145,3.232325231232358e-08,2.340613279367771e-06
94,59.88423459377321,3.413232321463664e-05,7.785814613267921e-05,7.785814613267921e-05,40.11557555761131,0.10480347590549646,2.359766291266614e-08,1.846927139007016e-06
95,59.88423458883563,3.08886934276353e-05,6.919882741231341e-05,6.919882741231341e-05,40.11559612481611,0.08235699738662403,1.5978385807020778e-08,1.454856661887043e-06
96,59.884234584950605,2.7952854266848015e-05,6.15277844341534e-05,6.15277844341534e-05,40.11561440662625,0.06473689313903946,1.08420996148821e-08,1.1459567657524567e-06
97,59.884234581909226,2.5295821290252245e-05,5.4730628544193905e-05,5.4730628544193905e-05,40.11563066101238,0.050984869994807606,7.786022749698867e-09,9.036947228742094e-07
98,59.884234579519386,2.2891043717862516e-05,4.8703975738361607e-05,4.8703975738361607e-05,40.11564512148541,0.0402009386947952,5.8612800951448935e-09,7.131083717123693e-07
99,59.88423457762118,2.0714486372472833e-05,4.3356551357818115e-05,4.3356551357818115e-05,40.11565799478973,0.0316305813445609,4.087010571366271e-09,5.618225483811864e-07
100,59.88423457612476,1.874466484085348e-05,3.861108551396558e-05,3.861108551396558e-05,40.11566945703936,4000.0,2.825444540288236e-09,4.424917058223942e-07
101,59.88423457499198,1.6961986385067696e-05,3.439814946768027e-05,3.439814946768027e-05,40.11567966672269,3146.4075429254235,8.169106167765264e-06,1.0762382294549277e-06
102,59.88423457195574,1.535072441024762e-05,3.065666632110651e-05,3.065666632110651e-05,40.1156887639872,2475.157276628024,1.1691957008380388e-05,2.524099658486385e-06
103,59.884234565179405,1.3896523363608638e-05,2.7332233664317853e-05,2.7332233664317853e-05,40.11569687382989,1946.2924496228552,1.2743960797459335e-05,3.823091036235976e-06
104,59.884234554787305,1.2584275949221874e-05,2.4377518571937345e-05,2.4377518571937345e-05,40.115704105899596,1529.821983037724,1.2393785399506853e-05,4.768912296881087e-06
105,59.88423454297974,1.13979089486315e-05,2.1751380623999145e-05,2.1751380623999145e-05,40.11571055635005,1203.8792617589872,1.0871425880672624e-05,5.6976100359955496e-06
106,59.88423452992436,1.0325298654123046e-05,1.9416180867871046e-05,1.9416180867871046e-05,40.11571631241524,948.5451525052472,8.857728037960713e-06,6.420089078556967e-06
107,59.88423451434568,9.35744250561798e-06,1.7337915096343625e-05,1.7337915096343625e-05,40.11572145238161,746.2395707242813,7.29927607159359e-06,6.39862968315022e-06
108,59.884234498251935,8.482221076963066e-06,1.5487956423845578e-05,1.5487956423845578e-05,40.11572604361413,586.398387973756,5.9668067176383705e-06,6.05559792314024e-06
109,59.88423448291346,7.689633135539697e-06,1.384113710312971e-05,1.384113710312971e-05,40.115730145179185,461.2680020896197,4.739326824747468e-06,5.610005254186343e-06
110,59.884234468733446,6.97140381165193e-06,1.2374535871749634e-05,1.2374535871749634e-05,40.115733810790985,363.4980999708799,3.650402467117367e-06,5.11627948807294e-06
111,59.88423445556838,6.320523403221062e-06,1.106751190525766e-05,1.106751190525766e-05,40.115737088884394,286.2870054117283,2.791438771163416e-06,4.558013559872973e-06
112,59.88423444365738,5.730308939069208e-06,9.902054772393072e-06,9.902054772393072e-06,40.11574002192413,224.96646897710283,2.1318027022321784e-06,3.983558419896649e-06
113,59.88423443316566,5.1949421086965074e-06,8.862745015503453e-06,8.862745015503453e-06,40.1157426464022,176.83953225156975,1.6125963230467523e-06,3.4349993428016753e-06
114,59.8842344240098,4.709324681189314e-06,7.935629182974416e-06,7.935629182974416e-06,40.11574499540715,139.2797263849139,1.2165187407388142e-06,2.919689179118866e-06
115,59.8842344161631,4.268690620218049e-06,7.1080910435682214e-06,7.1080910435682214e-06,40.11574709896418,109.81992276834222,9.155418114849405e-07,2.454852337348825e-06
116,59.884234409602236,3.868693211603854e-06,6.3688991519850715e-06,6.3688991519850715e-06,40.11574898390624,86.36170670556648,6.770497688848834e-07,2.0587798331905702e-06
117,59.88423440410944,3.5057311345491897e-06,5.7084708796755244e-06,5.7084708796755244e-06,40.115750673217654,67.85809952643437,4.946532141481942e-07,1.7170451167441303e-06
118,59.884234399498396,3.1765048434913883e-06,5.118317372459464e-06,5.118317372459464e-06,40.115752187362006,53.39315428776957,3.6426902661314347e-07,1.4180051373217333e-06
119,59.88423439565348,2.8779046888329054e-06,4.590717040870742e-06,4.590717040870742e-06,40.11575354500775,42.09296236508121,2.7334019787010116e-07,1.1593362031063702e-06
120,59.884234392521584,2.6070214732670136e-06,4.1187151176578004e-06,4.1187151176578004e-06,40.1157547630267,33.147369529227454,2.0183212750247875e-07,9.467650597066108e-07
121,59.88423438998272,2.3613266781201535e-06,3.6962586172199937e-06,3.6962586172199937e-06,40.11575585617336,26.045866884280905,1.444809702936065e-07,7.736292278838282e-07
122,59.884234387907455,2.138583751977851e-06,3.318127264802319e-06,3.318127264802319e-06,40.11575683725426,20.47691871667103,1.0370453678235207e-07,6.289412552182627e-07
123,59.88423438621198,1.936693782075603e-06,2.9795725847304413e-06,2.9795725847304413e-06,40.11575771794906,16.13094368471981,7.664951979180337e-08,5.076363816846453e-07
124,59.884234384839644,1.7537091438892688e-06,2.6762870890367983e-06,2.6762870890367983e-06,40.11575850887703,12.717406808518316,5.75002613314392e-08,4.0801139502904846e-07
125,59.88423438374408,1.587856265707118e-06,2.4044325422801522e-06,2.4044325422801522e-06,40.11575921953457,9.998371124706757,4.09566017811023e-08,3.288704551216651e-07
126,59.88423438286235,1.4375820768545288e-06,2.160727680892919e-06,2.160727680892919e-06,40.115759858100205,7.8566033591554305,2.883509456211154e-08,2.6453064051661264e-07
127,59.884234382153,1.3014556426564933e-06,1.942231131007802e-06,1.942231131007802e-06,40.11576043192909,6.183176484937786,2.080900455062315e-08,2.1192598335911868e-07
128,59.884234381583674,1.1781556181085555e-06,1.7462601031207796e-06,1.7462601031207796e-06,40.1157609477405,4.875071568573037,1.562125262923749e-08,1.6909645588343634e-07
129,59.88423438113004,1.0664713669291648e-06,1.5703923317860716e-06,1.5703923317860716e-06,40.11576141161392,3.8377816111052696,1.1343475709486563e-08,1.3498922541290237e-07
130,59.8842343807682,9.653205731456014e-07,1.4125195211478098e-06,1.4125195211478098e-06,40.11576182887218,3.015434648025736,7.914134646786603e-09,1.0775747651472412e-07
131,59.88423438047979,8.73731304673821e-07,1.2708000610929175e-06,1.2708000610929175e-06,40.115762204188776,2.371082212144667,5.5787151968713515e-09,8.585585739691127e-08
132,59.88423438025034,7.908080140869972e-07,1.1435517017344157e-06,1.1435517017344157e-06,40.11576254183823,1.8682255704875828,4.114221960646471e-09,6.824462976816177e-08
133,59.88423438006796,7.157300221121906e-07,1.0292459137153109e-06,1.0292459137153109e-06,40.11576284571019,1.4726254063954607,3.076329453604187e-09,5.417943654498279e-08
134,59.88423437992291,6.477538441880998e-07,9.265202233049098e-07,9.265202233049098e-07,40.115763119282796,1.1575409510949353,2.149711495174778e-09,4.3028453642945165e-08
135,59.884234379807744,5.862185770842841e-07,8.342003619938219e-07,8.342003619938219e-07,40.11576336557295,0.9096547026092381,1.4909063654416603e-09,3.4135611512303785e-08
136,59.88423437971668,5.305210836555272e-07,7.512246987129326e-07,7.512246987129326e-07,40.11576358731284,0.7160578011771355,1.0711288656242153e-09,2.7055709317416022e-08
137,59.88423437964468,4.801075454276636e-07,6.766240294416304e-07,6.766240294416304e-07,40.115763786999715,0.5646074249269618,8.06304920779066e-10,2.1426174676646068e-08
138,59.8842343795875,4.3447353945293724e-07,6.095226923373044e-07,6.095226923373044e-07,40.11576396689358,0.4443292879045281,5.775781486295124e-10,1.6960532930245817e-08
139,59.88423437954209,3.931683327715689e-07,5.491566795778746e-07,5.491566795778746e-07,40.11576412897621,0.3491120336255399,3.9806989048539933e-10,1.3413004521957209e-08
140,59.88423437950629,3.5578739902797017e-07,4.948510971483958e-07,4.948510971483958e-07,40.11576427500412,0.27456072363367534,2.7902997350209855e-10,1.0604277771131687e-08
141,59.88423437947812,3.219589556392758e-07,4.4598827112841174e-07,4.4598827112841174e-07,40.11576440658638,0.21637277480528894,2.0641109165717055e-10,8.384538427993645e-09
142,59.88423437945584,2.9134321208274466e-07,4.020065986908518e-07,4.020065986908518e-07,40.11576452518774,0.17051406051469986,1.5330133972333913e-10,6.626870168665246e-09
143,59.884234379438126,2.636334858435377e-07,3.624055769295432e-07,3.624055769295432e-07,40.115764632117234,0.1340119289374415,1.0601902771126898e-10,5.230571195905128e-09
144,59.88423437942414,2.385577326629595e-07,3.267502841434855e-07,3.267502841434855e-07,40.115764728517554,0.10532370528484143,7.308119924454021e-11,4.126662415925052e-09
145,59.88423437941317,2.1586744893294527e-07,2.9464534840134726e-07,2.9464534840134726e-07,40.115764815428676,0.08292633850165103,5.25940040984844e-11,3.2577806791661416e-09
146,59.884234379404546,1.9533474594571747e-07,2.65729660542703e-07,2.65729660542703e-07,40.11576489380138,0.06538884214608114,3.967484251860468e-11,2.5730939435067938e-09
147,59.88423437939769,1.7675271188931578e-07,2.396774430507937e-07,2.396774430507937e-07,40.11576496449471,0.051453638690208456,2.819408780606349e-11,2.0296758949300395e-09
148,59.884234379392275,1.599372960953727e-07,2.1620386849555866e-07,2.1620386849555866e-07,40.115765028262686,0.04046151073624988,1.9658521000607935e-11,1.599979537201423e-09
149,59.88423437938802,1.447215776845222e-07,1.950523181533294e-07,1.950523181533294e-07,40.11576508578577,0.03183844280225078,1.3903445370301192e-11,1.2615301239962808e-09
150,59.884234379384665,1.3095297348721267e-07,1.7598925912732217e-07,1.7598925912732217e-07,40.115765137683844,4000.0,9.919860419511688e-12,9.946248494089388e-10
151,59.884234379380906,1.1849487182903748e-07,1.5880527440354708e-07,1.5880527440354708e-07,40.11576518451368,3146.4065295815944,3.747693752087245e-08,4.117662408138287e-09
152,59.88423437936821,1.0723067171601093e-07,1.4331418345399675e-07,1.4331418345399675e-07,40.11576522677275,2475.1571473108634,5.401799574289295e-08,1.0960502062689413e-08
153,59.88423437933635,9.705782730713132e-08,1.2934608745220699e-07,1.2934608745220699e-07,40.11576526491365,1945.9154831931996,5.970529284911443e-08,1.6783957969262372e-08
154,59.88423437928476,8.787315540919246e-08,1.1675067310822131e-07,1.1675067310822131e-07,40.11576529934074,1528.5616337161189,5.946547816237187e-08,2.054940850005222e-08
155,59.88423437922868,7.956465604661234e-08,1.0539658909482736e-07,1.0539658909482736e-07,40.11576533041349,1202.4950800978193,5.2879156890471526e-08,2.5053428771248456e-08
156,59.88423437917108,7.20450630106496e-08,9.516065484086324e-08,9.516065484086324e-08,40.11576535846254,948.2944055515406,4.242753196636577e-08,2.991174956014478e-08
157,59.884234379101905,6.525279220850806e-08,8.592754816430004e-08,8.592754816430004e-08,40.11576538379021,747.4697724171023,3.3711724667263766e-08,3.138023858719062e-08
158,59.884234379023425,5.911746524310584e-08,7.759690544040197e-08,7.759690544040197e-08,40.1157654066653,587.4247130809263,2.795750111327543e-08,2.945239490627386e-08
159,59.884234378948406,5.3562896042500905e-08,7.008271462432731e-08,7.008271462432731e-08,40.11576542732327,461.7171965676548,2.2632693566299947e-08,2.707687197045304e-08
160,59.88423437887943,4.853157486552696e-08,6.330449951218353e-08,6.330449951218353e-08,40.11576544598,363.58226104607826,1.7737745317267028e-08,2.4602174564377186e-08
161,59.884234378816615,4.397318544117976e-08,5.718870807076431e-08,5.718870807076431e-08,40.11576546283278,286.6739784301097,1.3566079303879237e-08,2.2043393880084878e-08
162,59.884234378758954,3.9843265482508424e-08,5.166886626537268e-08,5.166886626537268e-08,40.11576547806004,225.4804236619096,1.045263627278796e-08,1.9279420852176176e-08
163,59.88423437870817,3.609963823277999e-08,4.6686609172049767e-08,4.6686609172049767e-08,40.11576549181897,177.1645348378173,7.982318365760259e-09,1.6656272184251905e-08
164,59.88423437866389,3.270644218513045e-08,4.2189499997808734e-08,4.2189499997808734e-08,40.11576550425067,139.37939563592005,6.056912021901937e-09,1.4212988837347824e-08
165,59.88423437862573,2.96306250637727e-08,3.812955683732441e-08,3.812955683732441e-08,40.11576551548453,109.87150519266606,4.586725776851862e-09,1.1985851093087777e-08
166,59.88423437859351,2.6841659683466577e-08,3.44632320611062e-08,3.44632320611062e-08,40.11576552563837,86.5408658752296,3.444692443552535e-09,1.0045057795394637e-08
167,59.884234378566646,2.431267965627776e-08,3.1151670332423626e-08,3.1151670332423626e-08,40.115765534817335,68.00351237075665,2.5425215750829407e-09,8.394466550215105e-09
168,59.88423437854416,2.2020322698661135e-08,2.8160646001702076e-08,2.8160646001702076e-08,40.115765543114236,53.457899126117354,1.871618138019996e-09,6.963869053858026e-09
169,59.88423437852535,1.994282080749049e-08,2.545891114424739e-08,2.545891114424739e-08,40.115765550614015,42.10593643206728,1.3975646296532463e-09,5.7208084736332695e-09
170,59.88423437850982,1.8059929003446264e-08,2.3017940640250932e-08,2.3017940640250932e-08,40.11576555739438,33.19842883396516,1.0527696598532168e-09,4.6685280712391795e-09
171,59.884234378497254,1.6353178036144333e-08,2.0811986607712004e-08,2.0811986607712004e-08,40.1157655635256,26.104876826714854,7.664993145861475e-10,3.817994230432009e-09
172,59.88423437848701,1.4806614087717818e-08,1.881842354058175e-08,1.881842354058175e-08,40.11576556906953,20.51202649609293,5.511732132477323e-10,3.113484413724306e-09
173,59.88423437847863,1.340556618046061e-08,1.7016861245445576e-08,1.7016861245445576e-08,40.11576557408208,16.14063119885249,4.0255383889778645e-10,2.523596501860709e-09
174,59.88423437847182,1.2136438933165058e-08,1.538859723395189e-08,1.538859723395189e-08,40.11576557861456,12.725069920385078,3.026021959509344e-10,2.0325007817189073e-09
175,59.88423437846634,1.0986732067139152e-08,1.3916613851251245e-08,1.3916613851251245e-08,40.115765582713706,10.01976957840217,2.2263142376776083e-10,1.6370477413747687e-09
176,59.88423437846194,9.945314642025295e-09,1.2585772587762365e-08,1.2585772587762365e-08,40.115765586421205,7.873000373476984,1.5806873946811175e-10,1.319235743933059e-09
177,59.8842343784584,9.002239297126747e-09,1.1382669344430813e-08,1.1382669344430813e-08,40.11576558977402,6.189945680675916,1.1286302803681701e-10,1.059862942205876e-09
178,59.88423437845556,8.148318689195686e-09,1.0295010120068105e-08,1.0295010120068105e-08,40.115765592806106,4.87650949799443,8.34693635812418e-11,8.478753250448717e-10
179,59.88423437845328,7.375115321738799e-09,9.311554391325686e-09,9.311554391325686e-09,40.1157655955485,3.844395775701278,6.270741166382616e-11,6.766692595443227e-10
180,59.88423437845147,6.674974889162575e-09,8.42215516836471e-09,8.42215516836471e-09,40.115765598029256,3.022247105930556,4.4490766022461665e-11,5.408383033089011e-10
181,59.88423437845002,6.0411128892807994e-09,7.617885601460247e-09,7.617885601460247e-09,40.11576560027311,2.3748985562319938,3.125190067025729e-11,4.316366232084503e-10
182,59.88423437844886,5.467340031075067e-09,6.890643278889969e-09,6.890643278889969e-09,40.11576560230252,1.8691769703059584,2.2569717836890502e-11,3.437339353609553e-10
183,59.88423437844794,4.947966494561246e-09,6.232992119727693e-09,6.232992119727693e-09,40.11576560413811,1.4737723399632898,1.6985729328625985e-11,2.731487008179798e-10
184,59.88423437844721,4.477802811477805e-09,5.638164487919437e-09,5.638164487919437e-09,40.115765605798664,1.1600770273883934,1.2316293431406004e-11,2.1706238752037096e-10
185,59.88423437844663,4.0522078134442746e-09,5.100144616272282e-09,5.100144616272282e-09,40.11576560730088,0.9114910740214848,8.590930774649923e-12,1.7239179710714422e-10
186,59.884234378446166,3.6670243266585655e-09,4.613570715982519e-09,4.613570715982519e-09,40.11576560865967,0.7167567344694943,6.065532583298426e-12,1.3677657962867416e-10
187,59.884234378445804,3.3184310594741955e-09,4.1735177440100725e-09,4.1735177440100725e-09,40.11576560988873,0.5647807767112907,4.485994365000709e-12,1.0841665441620088e-10
188,59.88423437844551,3.0029325911502176e-09,3.7754839738487754e-09,3.7754839738487754e-09,40.11576561100059,0.4451578216795984,3.3538590292084436e-12,8.587946404857726e-11
189,59.884234378445285,2.7173691848674696e-09,3.4154104147659432e-09,3.4154104147659432e-09,40.115765612006534,0.34989439850778614,2.3450085411982e-12,6.798490528673717e-11
190,59.8842343784451,2.458938616503921e-09,3.089716303286136e-09,3.089716303286136e-09,40.11576561291653,0.27497242239307507,1.6301924766056597e-12,5.3777669376221704e-11
191,59.88423437844496,2.2250853778585393e-09,2.7951382303287027e-09,2.7951382303287027e-09,40.11576561373969,0.2164658257523139,1.1752018846063295e-12,4.253593229493437e-11
192,59.884234378444845,2.013464537653146e-09,2.5286826449717415e-09,2.5286826449717415e-09,40.11576561448433,0.17068434151624562,8.862286287563535e-13,3.3641993841935337e-11
193,59.88423437844476,1.8219424274045768e-09,2.2876274720329717e-09,2.2876274720329717e-09,40.115765615158054,0.1343107222531736,6.345544820010422e-13,2.658309639761394e-11
194,59.88423437844469,1.648617690917788e-09,2.0695554401972143e-09,2.0695554401972143e-09,40.11576561576759,0.10552829544507067,4.3847822749233497e-13,2.0982057932166447e-11
195,59.88423437844463,1.491784408659658e-09,1.8723011970572514e-09,1.8723011970572514e-09,40.115765616318996,0.0829976679339977,3.085424996914752e-13,1.656318322920371e-11
196,59.88423437844459,1.3498748152736372e-09,1.6938749194548475e-09,1.6938749194548475e-09,40.1157656168178,0.06541141601758783,2.2894649811452777e-13,1.3084080064005315e-11
197,59.88423437844455,1.2214566175947454e-09,1.532459112983387e-09,1.532459112983387e-09,40.11576561726908,0.05154429513785098,1.6991404694872756e-13,1.0332352592145194e-11
198,59.884234378444525,1.1052444887853632e-09,1.3864252319206352e-09,1.3864252319206352e-09,40.11576561767739,0.040539636629047984,1.1943874660711395e-13,8.149509559196769e-12
199,59.8842343784445,1.0000876993874284e-09,1.2543178290460096e-09,1.2543178290460096e-09,40.11576561804678,0.03189151347761013,8.431385278799973e-14,6.4269551193866885e-12
200,59.88423437844448,9.049340152149523e-10,1.1348061027037343e-09,1.1348061027037343e-09,40.115765618380976,4000.0,5.982325900796378e-14,5.067808249388887e-12
201,59.88423437844446,8.188403722984858e-10,1.0266855405504538e-09,1.0266855405504538e-09,40.115765618683334,3146.4065296014433,2.4197710728519703e-10,2.5516064051471988e-11
202,59.88423437844438,7.40993883115604e-10,9.288746111142816e-10,9.288746111142816e-10,40.115765618956885,2475.1571473718295,3.4928181291770953e-10,6.99595835777189e-11
203,59.88423437844418,6.706810175834146e-10,8.403826855745079e-10,8.403826855745079e-10,40.11576561920438,1945.9154672646823,3.8658593870619405e-10,1.0785191805426421e-10
204,59.88423437844384,6.071894409802399e-10,7.603277621774752e-10,7.603277621774752e-10,40.115765619428316,1528.5615787141542,3.855457330167625e-10,1.3247253828748992e-10
205,59.88423437844348,5.497547121732276e-10,6.879338908327902e-10,6.879338908327902e-10,40.1157656196309,1202.4950149142485,3.4339659740343283e-10,1.6188620220892027e-10
206,59.884234378443104,4.977753207615817e-10,6.22469988352805e-10,6.22469988352805e-10,40.115765619814184,948.2943824130059,2.7611256844431084e-10,1.9358650956971855e-10
207,59.88423437844266,4.508187655754379e-10,5.632480877533049e-10,5.632480877533049e-10,40.11576561998003,747.4698262198893,2.1982325400350402e-10,2.0333653383476894e-10
208,59.88423437844215,4.083993282891398e-10,5.096662524421716e-10,5.096662524421716e-10,40.11576562013013,587.4247637838043,1.8254318555366625e-10,1.9104815490794543e-10
209,59.88423437844166,3.699970958971133e-10,4.6120425506316274e-10,4.6120425506316274e-10,40.11576562026594,461.71722622211274,1.4797550424095935e-10,1.758141574041731e-10
210,59.884234378441214,3.35215151207682e-10,4.1737347541367163e-10,4.1737347541367163e-10,40.11576562038883,363.58227201813975,1.1612292859577967e-10,1.599147557509162e-10
211,59.88423437844081,3.037054341132802e-10,3.777262545934557e-10,3.777262545934557e-10,40.11576562050004,286.6739906142268,8.892456567996087e-11,1.4343141723770268e-10
212,59.88423437844043,2.751599521837568e-10,3.418565693254856e-10,3.418565693254856e-10,40.1157656206007,225.48044491941278,6.860758552706755e-11,1.2554638546209157e-10
213,59.884234378440105,2.492873937579203e-10,3.094048470006353e-10,3.094048470006353e-10,40.1157656206918,177.16455058902108,5.2468561541630166e-11,1.085404119017012e-10
214,59.884234378439814,2.2583927948347587e-10,2.800465883120148e-10,2.800465883120148e-10,40.11576562077426,139.37940301065797,3.9862723025055585e-11,9.268614226707464e-11
215,59.884234378439565,2.045867234357348e-10,2.534843457347723e-10,2.534843457347723e-10,40.11576562084888,109.87150827586387,3.021374395229859e-11,7.822380534507984e-11
216,59.88423437843936,1.8531855726218472e-10,2.2944757547150096e-10,2.2944757547150096e-10,40.115765620916434,86.54087300842788,2.2713271769100297e-11,6.560272540214644e-11
217,59.88423437843918,1.6784865337084142e-10,2.0769352766171428e-10,2.0769352766171428e-10,40.11576562097759,68.00351887900666,1.6788132188596526e-11,5.485382040701304e-11
218,59.88423437843904,1.5201494845331003e-10,1.88006990537767e-10,1.88006990537767e-10,40.11576562103294,53.45790289551363,1.2374886815587291e-11,4.5530240717105976e-11
219,59.88423437843891,1.3766663131287748e-10,1.7019115040353302e-10,1.7019115040353302e-10,40.11576562108305,42.10593782667176,9.248810508616009e-12,3.7423776413662504e-11
220,59.88423437843881,1.2466357983922839e-10,1.5406603276730734e-10,1.5406603276730734e-10,40.1157656211284,33.198430490112926,6.970856505594985e-12,3.055681831805293e-11
221,59.88423437843873,1.1287801544924479e-10,1.394687187627054e-10,1.394687187627054e-10,40.115765621169466,26.104879310459218,5.0814395871179875e-12,2.5001438885536577e-11
222,59.88423437843866,1.0219940160607301e-10,1.2625510149037407e-10,1.2625510149037407e-10,40.11576562120664,20.512028253553634,3.6589746524271656e-12,2.0396961187534904e-11
223,59.884234378438606,9.25261948273678e-11,1.1429496607285433e-10,1.1429496607285433e-10,40.115765621240286,16.140631980372575,2.67520345247823e-12,1.653933589064277e-11
224,59.88423437843856,8.376434133666512e-11,1.0346871200016414e-10,1.0346871200016414e-10,40.11576562127075,12.72507029109821,2.0119033471594996e-12,1.3326023149756034e-11
225,59.88423437843853,7.582740296193212e-11,9.366732340073725e-11,9.366732340073725e-11,40.115765621298316,10.01977043822287,1.4813174689787445e-12,1.0737222831407947e-11
226,59.88423437843849,6.86383966668614e-11,8.479338837767304e-11,8.479338837767304e-11,40.115765621323284,7.873001119598326,1.0530878813286768e-12,8.655778329314701e-12
227,59.88423437843847,6.212854409703093e-11,7.676028502397585e-11,7.676028502397585e-11,40.115765621345886,6.189946093086647,7.52816352859834e-13,6.956251415862649e-12
228,59.88423437843846,5.6234341336505986e-11,6.948847177957714e-11,6.948847177957714e-11,40.11576562136634,4.876509648260939,5.571075625568334e-13,5.5665257008381465e-12
229,59.884234378438435,5.0897477200235524e-11,6.290512760208018e-11,6.290512760208018e-11,40.11576562138486,3.8443960026340287,4.1866509668636927e-13,4.443709863777219e-12
230,59.88423437843843,4.6065061077531866e-11,5.694436168373554e-11,5.694436168373554e-11,40.11576562140162,3.0222473962323613,2.9736695075991173e-13,3.552683145362807e-12
231,59.884234378438414,4.169022121470915e-11,5.1547930263458925e-11,5.1547930263458925e-11,40.1157656214168,2.3748987527097967,2.09134769906674e-13,2.8360984452150186e-12
232,59.88423437843841,3.773020596604527e-11,4.666288261997446e-11,4.666288261997446e-11,40.11576562143054,1.8691770535160004,1.5116348378215977e-13,2.259042247775122e-12
233,59.8842343784384,3.414571562459393e-11,4.22405732451402e-11,4.22405732451402e-11,40.115765621442975,1.473772386280269,1.1379262003134983e-13,1.7954969560971544e-12
234,59.8842343784384,3.09009086122875e-11,3.8236670743614225e-11,3.8236670743614225e-11,40.11576562145424,1.1600771302911166,8.256623410142692e-14,1.4271077597083386e-12
235,59.88423437843839,2.7963735906104484e-11,3.4611632462878357e-11,3.4611632462878357e-11,40.115765621464426,0.9114911591333353,5.765684646022113e-14,1.133648139390974e-12
236,59.88423437843839,2.5305494864728248e-11,3.133011799596817e-11,3.133011799596817e-11,40.11576562147365,0.7167567793170849,4.074878110800255e-14,8.996070192251491e-13
237,59.884234378438386,2.2899802283602545e-11,2.8359639481499622e-11,2.8359639481499622e-11,40.115765621482,0.5647807931250903,3.015036611909162e-14,7.131823637817408e-13
238,59.884234378438386,2.072252515513278e-11,2.5670473382264316e-11,2.5670473382264316e-11,40.11576562148956,0.4451578529071496,2.254673045527591e-14,5.65003820831487e-13
239,59.884234378438386,1.8751849587213967e-11,2.32357694236537e-11,2.32357694236537e-11,40.1157656214964,0.34989443228316053,1.577984807440124e-14,4.4734421298779165e-13
240,59.884234378438386,1.6968432768850812e-11,2.1031762881649247e-11,2.1031762881649247e-11,40.11576562150259,0.274972444256373,1.098107240934618e-14,3.5391118092146463e-13
241,59.88423437843838,1.5354635046749435e-11,1.903677410791708e-11,1.903677410791708e-11,40.115765621508196,0.21646583458710042,7.921439034279035e-15,2.7996199518351404e-13
242,59.88423437843838,1.3894270310796248e-11,1.7230901661638286e-11,1.7230901661638286e-11,40.11576562151327,0.17068434747731376,5.974406016555654e-15,2.214441494219271e-13
243,59.88423437843838,1.2572610853774583e-11,1.5596030841797048e-11,1.5596030841797048e-11,40.115765621517866,0.13431073449710415,4.280443141524823e-15,1.749983198242048e-13
244,59.88423437843838,1.1376533730758559e-11,1.411603371589193e-11,1.411603371589193e-11,40.11576562152202,0.10552830511717728,2.9606256686903668e-15,1.381416233356454e-13
245,59.88423437843838,1.0294265297570924e-11,1.2776438814594593e-11,1.2776438814594593e-11,40.11576562152578,0.0829976727870994,2.0849791286729427e-15,1.0905893368397866e-13
246,59.88423437843838,9.314985351922938e-12,1.156394036464595e-11,1.156394036464595e-11,40.115765621529185,0.06541141784383582,1.5475456877777872e-15,8.615702764060265e-14
247,59.88423437843838,8.428808662329032e-12,1.046637673552019e-11,1.046637673552019e-11,40.11576562153227,0.051544298991601394,1.1487843629649058e-15,6.804166028475406e-14
248,59.88423437843838,7.62686460599772e-12,9.472832985476196e-12,9.472832985476196e-12,40.11576562153506,0.040539639913675866,8.081052402410981e-16,5.3671080942349276e-14
249,59.88423437843838,6.9012117995034906e-12,8.573536695618019e-12,8.573536695618019e-12,40.115765621537584,0.03189151590175292,5.708439618485912e-16,4.2329583207327e-14
250,59.88423437843838,6.244588553944345e-12,7.75954744646706e-12,7.75954744646706e-12,40.11576562153987,4000.0,4.052851898607503e-16,3.337995339437013e-14
251,59.88423437843838,5.650487596621212e-12,7.022764980500041e-12,7.022764980500041e-12,40.11576562154194,3146.406529601704,1.6548853660894135e-12,1.7349392660073708e-13
252,59.88423437843838,5.113294195945612e-12,6.355907853552886e-12,6.355907853552886e-12,40.11576562154381,2475.1571473722433,2.3892168573680846e-12,4.776905165188117e-13
253,59.88423437843838,4.628080269950601e-12,5.75230090705518e-12,5.75230090705518e-12,40.115765621545506,1945.9154672645113,2.6448871138975697e-12,7.371119990751055e-13
254,59.88423437843838,4.189930893561704e-12,5.205995158331888e-12,5.205995158331888e-12,40.115765621547034,1528.5615787123957,2.6382495688902204e-12,9.057830961537236e-13
255,59.88423437843837,3.793579309568917e-12,4.711751547869518e-12,4.711751547869518e-12,40.11576562154843,1202.4950149120568,2.3503442694794704e-12,1.1072563197068428e-12
256,59.88423437843837,3.434876077832777e-12,4.2646304615280285e-12,4.2646304615280285e-12,40.11576562154968,948.294382412513,1.8903746156407575e-12,1.324366532620723e-12
257,59.884234378438364,3.1108306037591016e-12,3.859980007265363e-12,3.859980007265363e-12,40.115765621550814,747.4698262225246,1.505398494960203e-12,1.3912988359984304e-12
258,59.88423437843836,2.8180916805079743e-12,3.4937267582075797e-12,3.4937267582075797e-12,40.115765621551844,587.4247637862613,1.2503204359310483e-12,1.3074081582995328e-12
259,59.88423437843836,2.5530773496136085e-12,3.1623458205703272e-12,3.1623458205703272e-12,40.115765621552775,461.7172262236507,1.0137359488390094e-12,1.2033205762595934e-12
260,59.88423437843836,2.313049079006252e-12,2.8625245831045884e-12,2.8625245831045884e-12,40.115765621553614,363.5822720188607,7.956635213397242e-13,1.0946586788109719e-12
261,59.88423437843835,2.0956047328164658e-12,2.591227055763009e-12,2.591227055763009e-12,40.11576562155438,286.6739906149586,6.094065760258233e-13,9.819646325611946e-13
262,59.88423437843835,1.898618327965426e-12,2.3456981823010072e-12,2.3456981823010072e-12,40.11576562155507,225.48044492048382,4.702572712090952e-13,8.59612269301454e-13
263,59.88423437843834,1.7200797663673585e-12,2.1234950419363917e-12,2.1234950419363917e-12,40.115765621555695,177.16455058983124,3.5970497706793494e-13,7.432434448816422e-13
264,59.88423437843834,1.5582738101041519e-12,1.9224115760833527e-12,1.9224115760833527e-12,40.11576562155626,139.37940301109305,2.733301421318243e-13,6.347420734128472e-13
265,59.88423437843834,1.4116205858052018e-12,1.7404251277634613e-12,1.7404251277634613e-12,40.11576562155677,109.87150827609773,2.0719386849375315e-13,5.357567050970682e-13
266,59.88423437843834,1.278662717160872e-12,1.575695415029985e-12,1.575695415029985e-12,40.11576562155724,86.54087300881038,1.5577914644992015e-13,4.493566031076823e-13
267,59.88423437843834,1.1581153994346357e-12,1.4265698915064885e-12,1.4265698915064885e-12,40.11576562155766,68.00351887934687,1.1516312006408159e-13,3.7575884462426003e-13
268,59.88423437843834,1.048859753915076e-12,1.2915821356308374e-12,1.2915821356308374e-12,40.11576562155803,53.45790289572666,8.490448250962459e-14,3.119134844380348e-13
269,59.88423437843834,9.49854754180254e-13,1.1693907736058383e-12,1.1693907736058383e-12,40.11576562155838,42.10593782677527,6.346398339429092e-14,2.563978476288603e-13
270,59.884234378438336,8.601332790487596e-13,1.0587689000544454e-12,1.0587689000544454e-12,40.115765621558694,33.19843049021846,4.7836502255959905e-14,2.0936643253399379e-13
271,59.884234378438336,7.788134488131347e-13,9.58605431478037e-13,9.58605431478037e-13,40.11576562155897,26.10487931059186,3.487623285649585e-14,1.7131332882487341e-13
272,59.884234378438336,7.051322410973405e-13,8.679166750126035e-13,8.679166750126035e-13,40.11576562155923,20.512028253650186,2.5117795457693734e-14,1.3977102024210438e-13
273,59.884234378438336,6.3838880322602e-13,7.858134382426783e-13,7.858134382426783e-13,40.11576562155946,16.140631980423834,1.8367086413845966e-14,1.1334279783744152e-13
274,59.884234378438336,5.779340159093294e-13,7.114788554765369e-13,7.114788554765369e-13,40.11576562155967,12.725070291128628,1.381393534275931e-14,9.132708037594551e-14
275,59.884234378438336,5.231713542234758e-13,6.441681739426122e-13,6.441681739426122e-13,40.11576562155986,10.019770438270584,1.0171891371809102e-14,7.358895797626036e-14
276,59.884234378438336,4.735695328435474e-13,5.832155043780231e-13,5.832155043780231e-13,40.11576562156003,7.873001119638852,7.232558424917533e-15,5.932632414133993e-14
277,59.884234378438336,4.2865390615307404e-13,5.280283671168095e-13,5.280283671168095e-13,40.115765621560186,6.189946093111336,5.1711248203480946e-15,4.767993848851414e-14
278,59.884234378438336,3.87986244988929e-13,4.780626232730126e-13,4.780626232730126e-13,40.11576562156033,4.876509648273179,3.827113648160845e-15,3.8155898428226294e-14
279,59.884234378438336,3.511641628075927e-13,4.3282001928104594e-13,4.3282001928104594e-13,40.115765621560456,3.844396002648229,2.876186084366266e-15,3.0460632181244646e-14
280,59.884234378438336,3.178226856964005e-13,3.9184957528800834e-13,3.9184957528800834e-13,40.11576562156057,3.0222473962482086,2.0431749768358934e-15,2.4353748150975336e-14
281,59.884234378438336,2.876383806525791e-13,3.5475239300495316e-13,3.5475239300495316e-13,40.115765621560676,2.374898752720952,1.4371714105541375e-15,1.9442225103976658e-14
282,59.884234378438336,2.6031625198539897e-13,3.2116574505285606e-13,3.2116574505285606e-13,40.11576562156077,1.869177053521822,1.0389104073061223e-15,1.548682243906958e-14
283,59.884234378438336,2.355851248174018e-13,2.9075635021917083e-13,2.9075635021917083e-13,40.115765621560854,1.4737723862840668,7.820953087624826e-16,1.2309314713607258e-14
284,59.884234378438336,2.1319768789253703e-13,2.6322042986961974e-13,2.6322042986961974e-13,40.11576562156093,1.1600771302968755,5.675269044539041e-16,9.78402645045421e-15
285,59.884234378438336,1.9293280402984928e-13,2.382868939130592e-13,2.382868939130592e-13,40.115765621561,0.9114911591380424,3.96368365681039e-16,7.77232862383183e-15
286,59.884234378438336,1.7459242965269824e-13,2.1571337242239245e-13,2.1571337242239245e-13,40.11576562156107,0.7167567793198711,2.8016883962858642e-16,6.16788657834599e-15
287,59.884234378438336,1.579945252572704e-13,1.952770346644397e-13,1.952770346644397e-13,40.115765621561124,0.5647807931265015,2.0731108195631363e-16,4.889817680505338e-15
288,59.884234378438336,1.4297257757046746e-13,1.767739843402318e-13,1.767739843402318e-13,40.11576562156118,0.4451578529090263,1.5503408393771944e-16,3.873924688840972e-15
289,59.884234378438336,1.293760761029861e-13,1.6001998919634047e-13,1.6001998919634047e-13,40.11576562156122,0.34989443228501993,1.0851789332297006e-16,3.0672603722840627e-15
290,59.884234378438336,1.1707156277760204e-13,1.4485191702749092e-13,1.4485191702749092e-13,40.115765621561266,0.27497244425764034,7.552693148057363e-17,2.4266746793176972e-15
291,59.884234378438336,1.0593733079368499e-13,1.3112092926718977e-13,1.3112092926718977e-13,40.11576562156131,0.21646583458775,5.448771091027708e-17,1.9196549659736195e-15
292,59.884234378438336,9.586170225235379e-14,1.1869038213865703e-13,1.1869038213865703e-13,40.115765621561344,0.17068434747778455,4.109573184843015e-17,1.518425853871654e-15
293,59.884234378438336,8.674306179736247e-14,1.074358832149881e-13,1.074358832149881e-13,40.11576562156137,0.13431073449778946,2.944597933146926e-17,1.1999672880107667e-15
294,59.884234378438336,7.84908673731518e-14,9.724664519964636e-14,9.724664519964636e-14,40.1157656215614,0.10552830511771814,2.036924762118719e-17,9.472542124071522e-16
295,59.884234378438336,7.102388681627834e-14,8.802323741169256e-14,8.802323741169256e-14,40.11576562156143,0.08299767278741031,1.434627053294439e-17,7.47840075163128e-16
296,59.884234378438336,6.426746618492632e-14,7.96742317369808e-14,7.96742317369808e-14,40.11576562156145,0.06541141784399782,1.0648705660017178e-17,5.90802371714588e-16
297,59.884234378438336,5.815340235376528e-14,7.211605439306552e-14,7.211605439306552e-14,40.11576562156147,0.05154429899182957,7.90505274754522e-18,4.665843867238817e-16
298,59.884234378438336,5.26204927485312e-14,6.527368277759231e-14,6.527368277759231e-14,40.11576562156149,0.040539639913865944,5.561282601358903e-18,3.68044296866668e-16
299,59.884234378438336,4.7613946331159436e-14,5.907993135295137e-14,5.907993135295137e-14,40.11576562156151,0.031891515901895824,3.9288271366173815e-18,2.902737388977847e-16
300,59.884234378438336,4.308366153627062e-14,5.3473330155018184e-14,5.3473330155018184e-14,40.11576562156153,4000.0,2.7895979865473843e-18,2.2890384012254154e-16
301,59.884234378438336,3.8984742732115805e-14,4.839817831850667e-14,4.839817831850667e-14,40.11576562156154,3146.4065296017056,1.1404569468593166e-14,1.1947304759947693e-15
302,59.884234378438336,3.527844719822305e-14,4.3804398085564565e-14,4.3804398085564565e-14,40.11576562156156,2475.1571473722447,1.646560130913896e-14,3.2913062854986994e-15
303,59.884234378438336,3.193077055506864e-14,3.9646076250931346e-14,3.9646076250931346e-14,40.115765621561565,1945.9154672645138,1.8228025791916357e-14,5.079341703878374e-15
304,59.884234378438336,2.890780350519659e-14,3.5882289205451564e-14,3.5882289205451564e-14,40.11576562156158,1528.561578712397,1.8182705381596364e-14,6.2419882023748064e-15
305,59.884234378438336,2.617321612241512e-14,3.24769921359425e-14,3.24769921359425e-14,40.115765621561586,1202.495014912058,1.6198931622665185e-14,7.630708964399595e-15
306,59.884234378438336,2.3698381106228114e-14,2.9396197290201154e-14,2.9396197290201154e-14,40.11576562156159,948.2943824125157,1.3029236583893392e-14,9.127190105558629e-15
307,59.884234378438336,2.146265993586729e-14,2.660789340778093e-14,2.660789340778093e-14,40.1157656215616,747.4698262225292,1.0376179492229689e-14,9.58867405676983e-15
308,59.884234378438336,1.9442931905780163e-14,2.4084046929585175e-14,2.4084046929585175e-14,40.11576562156161,587.4247637862654,8.618214859769285e-15,9.010677771714815e-15
309,59.884234378438336,1.7614488846776514e-14,2.180039538607223e-14,2.180039538607223e-14,40.115765621561614,461.71722622365394,6.987647836130834e-15,8.293449562294867e-15
310,59.884234378438336,1.5958437023411195e-14,1.9734135807880757e-14,1.9734135807880757e-14,40.11576562156162,363.58227201886325,5.484605735712364e-15,7.54467675434913e-15
311,59.884234378438336,1.4458202962886004e-14,1.786436843659155e-14,1.786436843659155e-14,40.11576562156163,286.6739906149611,4.20080556024942e-15,6.768082390370751e-15
312,59.884234378438336,1.3099118172894154e-14,1.6172126179950883e-14,1.6172126179950883e-14,40.11576562156163,225.48044492048575,3.2416861287781853e-15,5.924864295899146e-15
313,59.884234378438336,1.1867314375918402e-14,1.4640588105947367e-14,1.4640588105947367e-14,40.115765621561636,177.16455058983283,2.479662900943924e-15,5.122856384042003e-15
314,59.884234378438336,1.0750957018890165e-14,1.3254562946965404e-14,1.3254562946965404e-14,40.11576562156164,139.3794030110943,1.8842699173118067e-15,4.375058645346118e-15
315,59.884234378438336,9.739145616205665e-15,1.2000121917212367e-14,1.2000121917212367e-14,40.11576562156164,109.87150827609872,1.4283647439139106e-15,3.6928369693744065e-15
316,59.884234378438336,8.82182503993141e-15,1.0864591625694335e-14,1.0864591625694335e-14,40.11576562156164,86.54087300881122,1.0739371827313737e-15,3.097339795221149e-15
317,59.884234378438336,7.990130598220217e-15,9.836590373745866e-15,9.836590373745866e-15,40.11576562156165,68.00351887934755,7.939504701336734e-16,2.590068085523303e-15
318,59.884234378438336,7.236342266675516e-15,8.906017177645478e-15,8.906017177645478e-15,40.11576562156165,53.45790289572719,5.853567612728781e-16,2.1500086502539507e-15
319,59.884234378438336,6.553277332605023e-15,8.06363212675597e-15,8.06363212675597e-15,40.11576562156165,42.10593782677567,4.3754629748838073e-16,1.767358318118931e-15
320,59.884234378438336,5.9342631086371155e-15,7.300983548855217e-15,7.300983548855217e-15,40.11576562156166,33.1984304902188,3.2980723404139707e-16,1.4431830183603693e-15
321,59.884234378438336,5.37321507490136e-15,6.610417225273789e-15,6.610417225273789e-15,40.11576562156166,26.104879310592153,2.404579989476158e-16,1.180888797580756e-15
322,59.884234378438336,4.8648686428999804e-15,5.9851557242373376e-15,5.9851557242373376e-15,40.11576562156166,20.512028253650413,1.7318143358890413e-16,9.634701316782075e-16
323,59.884234378438336,4.404388253747928e-15,5.419072410359818e-15,5.419072410359818e-15,40.115765621561664,16.14063198042399,1.2663913289748397e-16,7.813005890050222e-16
324,59.884234378438336,3.987295319595949e-15,4.906538849898183e-15,4.906538849898183e-15,40.115765621561664,12.725070291128727,9.524638765009499e-17,6.295449792891284e-16
325,59.884234378438336,3.6094741570030566e-15,4.442423328047884e-15,4.442423328047884e-15,40.115765621561664,10.019770438270694,7.013557191474504e-17,5.072740229915949e-16
326,59.884234378438336,3.2672591882537944e-15,4.022137174899722e-15,4.022137174899722e-15,40.115765621561664,7.87300111963894,4.9869844633002365e-17,4.0895926760786645e-16
327,59.884234378438336,2.9573756330690696e-15,3.641597280071089e-15,3.641597280071089e-15,40.115765621561664,6.189946093111403,3.565659463290355e-17,3.286780859478744e-16
328,59.884234378438336,2.676799978627999e-15,3.2970535990641754e-15,3.2970535990641754e-15,40.11576562156167,4.876509648273225,2.6389480883987118e-17,2.630261524670567e-16
329,59.884234378438336,2.4227560117037028e-15,2.9850722363729672e-15,2.9850722363729672e-15,40.11576562156167,3.8443960026482635,1.983255923348712e-17,2.0998012001359113e-16
330,59.884234378438336,2.1927256487643248e-15,2.7025449729087146e-15,2.7025449729087146e-15,40.11576562156167,3.0222473962482415,1.4088843606979872e-17,1.6788316325161957e-16
331,59.884234378438336,1.984477418251806e-15,2.4467223154598645e-15,2.4467223154598645e-15,40.11576562156167,2.3748987527209775,9.910309911225518e-18,1.3402606441221575e-16
332,59.884234378438336,1.795976053193968e-15,2.2151040160034852e-15,2.2151040160034852e-15,40.11576562156167,1.8691770535218404,7.164122614553732e-18,1.0675969431308127e-16
333,59.884234378438336,1.6253506352906236e-15,2.005392755903506e-15,2.005392755903506e-15,40.11576562156167,1.4737723862840806,5.39319883268657e-18,8.485556275791193e-17
334,59.884234378438336,1.470894890343677e-15,1.815494530726309e-15,1.815494530726309e-15,40.11576562156167,1.1600771302968889,3.913615108324008e-18,6.744745288557895e-17
335,59.884234378438336,1.3310831312882536e-15,1.6435405530072072e-15,1.6435405530072072e-15,40.11576562156167,0.911491159138053,2.733372596460529e-18,5.3579743614432685e-17
336,59.884234378438336,1.2045490035071588e-15,1.4878599421435172e-15,1.4878599421435172e-15,40.11576562156167,0.7167567793198789,1.9320883282771826e-18,4.2519409277469336e-17
337,59.884234378438336,1.0900365689762393e-15,1.3469164981144844e-15,1.3469164981144844e-15,40.11576562156167,0.5647807931265068,1.429660180702003e-18,3.370890170852499e-17
338,59.884234378438336,9.863970094195821e-16,1.2193045325559e-15,1.2193045325559e-15,40.11576562156167,0.4451578529090301,1.0691514730145293e-18,2.6705708155690488e-17
339,59.884234378438336,8.925919150752765e-16,1.1037538831880119e-15,1.1037538831880119e-15,40.11576562156167,0.349894432285024,7.483769793388931e-19,2.1144855719915357e-17
340,59.884234378438336,8.077005273133439e-16,9.991397959375248e-16,9.991397959375248e-16,40.11576562156167,0.27497244425764333,5.208688463972777e-19,1.6728874548614414e-17
341,59.884234378438336,7.308831624385632e-16,9.044360506210742e-16,9.044360506210742e-16,40.11576562156167,0.21646583458775223,3.757767273682979e-19,1.323363696322206e-17
342,59.884234378438336,6.613693285084249e-16,8.187004966665789e-16,8.187004966665789e-16,40.11576562156167,0.17068434747778627,2.834190213337889e-19,1.0467676836628465e-17
343,59.884234378438336,5.984579575266693e-16,7.410754413078287e-16,7.410754413078287e-16,40.11576562156167,0.1343107344977909,2.0307795565289324e-19,8.27231210535183e-18
344,59.884234378438336,5.415243797201081e-16,6.707969665104382e-16,6.707969665104382e-16,40.11576562156167,0.1055283051177193,1.404813553579305e-19,6.530175868366482e-18
345,59.884234378438336,4.900081566482508e-16,6.07179442685095e-16,6.07179442685095e-16,40.11576562156167,0.08299767278741116,9.894379527941835e-20,5.155464149197525e-18
346,59.884234378438336,4.433942344208371e-16,5.495924164587776e-16,5.495924164587776e-16,40.11576562156167,0.06541141784399841,7.344266348414912e-20,4.072881587438221e-18
347,59.884234378438336,4.012120647334993e-16,4.974595883827904e-16,4.974595883827904e-16,40.11576562156167,0.051544298991830106,5.45202722635574e-20,3.2165495033024798e-18
348,59.884234378438336,3.630393978468976e-16,4.502636112778131e-16,4.502636112778131e-16,40.11576562156167,0.04053963991386638,3.8356009112284614e-20,2.5372350389330337e-18
349,59.884234378438336,3.284982188358145e-16,4.0754116741378337e-16,4.0754116741378337e-16,40.11576562156167,0.03189151590189615,2.7097316108740113e-20,2.001100349913608e-18
350,59.884234378438336,2.9724286640633345e-16,3.688683502802382e-16,3.688683502802382e-16,40.11576562156167,4000.0,1.9240195984943523e-20,1.578027838418122e-18
351,59.884234378438336,2.6896359687973886e-16,3.3386103141846024e-16,3.3386103141846024e-16,40.11576562156167,3146.4065296017056,7.867094173076302e-17,8.240696729427579e-18
352,59.884234378438336,2.4339311231875593e-16,3.02173854338776e-16,3.02173854338776e-16,40.11576562156167,2475.1571473722447,1.135832932720719e-16,2.2703477038458186e-17
353,59.884234378438336,2.202968063441594e-16,2.7349017846064745e-16,2.7349017846064745e-16,40.11576562156167,1945.9154672645138,1.2574126620574324e-16,3.503790785030592e-17
354,59.884234378438336,1.9944073234885586e-16,2.4752776939068187e-16,2.4752776939068187e-16,40.11576562156167,1528.561578712397,1.2542900801600627e-16,4.3058295809896007e-17
355,59.884234378438336,1.8057424927875282e-16,2.240380356606578e-16,2.240380356606578e-16,40.11576562156167,1202.495014912058,1.117448252046172e-16,5.263820552840056e-17
356,59.884234378438336,1.6349985265147766e-16,2.0278657004993461e-16,2.0278657004993461e-16,40.11576562156167,948.2943824125157,8.987979687191576e-17,6.296146624078351e-17
357,59.884234378438336,1.480751484695702e-16,1.8355259399767387e-16,1.8355259399767387e-16,40.11576562156167,747.4698262225292,7.15784824599016e-17,6.614506836233481e-17
358,59.884234378438336,1.341406227416338e-16,1.6614276019775586e-16,1.6614276019775586e-16,40.11576562156167,587.4247637862654,5.945160731214642e-17,6.215805395218118e-17
359,59.884234378438336,1.215258132606499e-16,1.5038972705490019e-16,1.5038972705490019e-16,40.11576562156167,461.71722622365394,4.82035017198918e-17,5.721055031060955e-17
360,59.884234378438336,1.1010036867213271e-16,1.3613621787097532e-16,1.3613621787097532e-16,40.11576562156167,363.58227201886325,3.783504384139072e-17,5.204542751028025e-17
361,59.884234378438336,9.97499450057523e-17,1.2323808193274021e-16,1.2323808193274021e-16,40.11576562156167,286.6739906149611,2.8978947984410913e-17,4.668835615675213e-17
362,59.884234378438336,9.03733408749905e-17,1.1156449746692039e-16,1.1156449746692039e-16,40.11576562156167,225.48044492048575,2.2362598755612072e-17,4.087164520333597e-17
363,59.884234378438336,8.18748763356751e-17,1.0099944301857761e-16,1.0099944301857761e-16,40.11576562156167,177.16455058983283,1.7105876135239805e-17,3.5339188047555734e-17
364,59.884234378438336,7.417290197268786e-17,9.143813653657088e-17,9.143813653657088e-17,40.11576562156167,139.3794030110943,1.2998612252849635e-17,3.0180676167254956e-17
365,59.884234378438336,6.719221281248755e-17,8.27845035653152e-17,8.27845035653152e-17,40.11576562156167,109.87150827609872,9.853575339427822e-18,2.5474518058180758e-17
366,59.884234378438336,6.086343635571637e-17,7.49511283461893e-17,7.49511283461893e-17,40.11576562156167,86.54087300881122,7.408572460741215e-18,2.1366596914159153e-17
367,59.884234378438336,5.5125412988411854e-17,6.785950363863584e-17,6.785950363863584e-17,40.11576562156167,68.00351887934755,5.4770964915319935e-18,1.7867271048858347e-17
368,59.884234378438336,4.992488028641115e-17,6.143995510418625e-17,6.143995510418625e-17,40.11576562156167,53.45790289572719,4.038117005266917e-18,1.48315921062157e-17
369,59.884234378438336,4.521228300600943e-17,5.56287476495154e-17,5.56287476495154e-17,40.11576562156167,42.10593782677567,3.0184439897363574e-18,1.2191936894290469e-17
370,59.884234378438336,4.094158478205335e-17,5.0367583062352195e-17,5.0367583062352195e-17,40.11576562156167,33.1984304902188,2.2752011809432402e-18,9.95565946473957e-18
371,59.884234378438336,3.707080718464724e-17,4.560366348071943e-17,4.560366348071943e-17,40.11576562156167,26.104879310592153,1.658822773940078e-18,8.146256312821066e-18
372,59.884234378438336,3.356362856084224e-17,4.129023830506397e-17,4.129023830506397e-17,40.11576562156167,20.512028253650413,1.1947124335426616e-18,6.646419366224546e-18
373,59.884234378438336,3.038668730594402e-17,3.738504586122919e-17,3.738504586122919e-17,40.11576562156167,16.14063198042399,8.736369231702476e-19,5.38974268074997e-18
374,59.884234378438336,2.7509084668856746e-17,3.384926096069571e-17,3.384926096069571e-17,40.11576562156167,12.725070291128727,6.570705512872037e-19,4.342871931091982e-18
375,59.884234378438336,2.4902425681609666e-17,3.064748466443521e-17,3.064748466443521e-17,40.11576562156167,10.019770438270694,4.83840855505127e-19,3.499397157909618e-18
376,59.884234378438336,2.2541420741348074e-17,2.7748063676630662e-17,2.7748063676630662e-17,40.11576562156167,7.87300111963894,3.4403562104064404e-19,2.8211813413302977e-18
377,59.884234378438336,2.0403476452828907e-17,2.512283185120841e-17,2.512283185120841e-17,40.11576562156167,6.189946093111403,2.459837270358913e-19,2.2673679818642367e-18
378,59.884234378438336,1.8467732980804185e-17,2.274592053175791e-17,2.274592053175791e-17,40.11576562156167,4.876509648273225,1.8205304712186807e-19,1.8144728359347746e-18
379,59.884234378438336,1.6715036667219243e-17,2.0593641859725936e-17,2.0593641859725936e-17,40.11576562156167,3.8443960026482635,1.3681891969854297e-19,1.4485382760232658e-18
380,59.884234378438336,1.5128014748532614e-17,1.864455446075467e-17,1.864455446075467e-17,40.11576562156167,3.0222473962482415,9.719496434237824e-20,1.1581350424385509e-18
381,59.884234378438336,1.3691271860521519e-17,1.6879691352789728e-17,1.6879691352789728e-17,40.11576562156167,2.3748987527209775,6.836861510322147e-20,9.245737823274918e-19
382,59.884234378438336,1.2390766298648165e-17,1.5281804873631648e-17,1.5281804873631648e-17,40.11576562156167,1.8691770535218404,4.9423483518880683e-20,7.364781182570239e-19
383,59.884234378438336,1.1213590233273071e-17,1.383504720965655e-17,1.383504720965655e-17,40.11576562156167,1.4737723862840806,3.720634494308557e-20,5.853734593092547e-19
384,59.884234378438336,1.0147971747958269e-17,1.2524973046883033e-17,1.2524973046883033e-17,40.11576562156167,1.1600771302968889,2.699910157957088e-20,4.652843587155814e-19
385,59.884234378438336,9.183384835742877e-18,1.1338690613792473e-17,1.1338690613792473e-17,40.11576562156167,0.911491159138053,1.8856933956725813e-20,3.696185229696101e-19
386,59.884234378438336,8.310402757544778e-18,1.0264673324115089e-17,1.0264673324115089e-17,40.11576562156167,0.7167567793198789,1.3329079236337425e-20,2.933192004138761e-19
387,59.884234378438336,7.520360559511233e-18,9.292323668278142e-18,9.292323668278142e-18,40.11576562156167,0.5647807931265068,9.862940109174118e-21,2.325401841809941e-19
388,59.884234378438336,6.8053323273866165e-18,8.411944454247492e-18,8.411944454247492e-18,40.11576562156167,0.4451578529090301,7.375866301677004e-21,1.8422884696304643e-19
389,59.884234378438336,6.15815387712072e-18,7.614773386025942e-18,7.614773386025942e-18,40.11576562156167,0.349894432285024,5.162916604469248e-21,1.4586745604341784e-19
390,59.884234378438336,5.57247272390059e-18,6.8930512201281874e-18,6.8930512201281874e-18,40.11576562156167,0.27497244425764333,3.5933872682293306e-21,1.1540391575477322e-19
391,59.884234378438336,5.0424957340496524e-18,6.239698445321593e-18,6.239698445321593e-18,40.11576562156167,0.21646583458775223,2.5924245747134733e-21,9.129208974866874e-20
392,59.884234378438336,4.562907140648111e-18,5.648215505080156e-18,5.648215505080156e-18,40.11576562156167,0.17068434747778627,1.9552638275212985e-21,7.221116051137924e-20
393,59.884234378438336,4.1288701455645805e-18,5.112685474031385e-18,5.112685474031385e-18,40.11576562156167,0.1343107344977909,1.4010051382123387e-21,5.706647277848855e-20
394,59.884234378438336,3.736075037006789e-18,4.627838316859155e-18,4.627838316859155e-18,40.11576562156167,0.1055283051177193,9.691623067181064e-22,4.504837210746149e-20
395,59.884234378438336,3.380655247252574e-18,4.188944069013773e-18,4.188944069013773e-18,40.11576562156167,0.08299767278741116,6.8260133873008605e-22,3.55649403676655e-20
396,59.884234378438336,3.059057324893263e-18,3.791653405857855e-18,3.791653405857855e-18,40.11576562156167,0.06541141784399841,5.066724027644996e-22,2.8096754928454045e-20
397,59.884234378438336,2.768034870725001e-18,3.4319905900500558e-18,3.4319905900500558e-18,40.11576562156167,0.051544298991830106,3.7612920583238456e-22,2.218935512734042e-20
398,59.884234378438336,2.5046747064192116e-18,3.1063865679880845e-18,3.1063865679880845e-18,40.11576562156167,0.04053963991386638,2.646141821249519e-22,1.750310967598788e-20
399,59.884234378438336,2.2663688379511997e-18,2.8116450098956778e-18,2.8116450098956778e-18,40.11576562156167,0.03189151590189615,1.8694188007050533e-22,1.3804587919229483e-20
400,59.884234378438336,2.0507324848829704e-18,2.5448414721263852e-18,2.5448414721263852e-18,40.11576562156167,4000.0,1.3273650992989126e-22,1.0886024271595261e-20
401,59.884234378438336,1.8556286696511293e-18,2.3033259258542663e-18,2.3033259258542663e-18,40.11576562156167,3146.4065296017056,5.4275502578778415e-19,5.685231571810219e-20
402,59.884234378438336,1.6792132516739694e-18,2.08471581692876e-18,2.08471581692876e-18,40.11576562156167,2475.1571473722447,7.836175255474703e-19,1.5663197752738963e-19
403,59.884234378438336,1.5198676360545992e-18,1.886826693265313e-18,1.886826693265313e-18,40.11576562156167,1945.9154672645138,8.674964033374992e-19,2.4172806207395503e-19
404,59.884234378438336,1.3759777831037703e-18,1.7077114614702087e-18,1.7077114614702087e-18,40.11576562156167,1528.561578712397,8.65342443012683e-19,2.970613450426105e-19
405,59.884234378438336,1.2458144803433373e-18,1.5456551219852124e-18,1.5456551219852124e-18,40.11576562156167,1202.495014912058,7.709347769080112e-19,3.631538671824851e-19
406,59.884234378438336,1.1280151094108761e-18,1.3990405280760522e-18,1.3990405280760522e-18,40.11576562156167,948.2943824125157,6.200869072048798e-19,4.343748065437412e-19
407,59.884234378438336,1.021597264163123e-18,1.2663445529733778e-18,1.2663445529733778e-18,40.11576562156167,747.4698262225292,4.938251537071129e-19,4.5633881952451425e-19
408,59.884234378438336,9.254604289879476e-19,1.1462333128339754e-18,1.1462333128339754e-18,40.11576562156167,587.4247637862654,4.101611134652105e-19,4.2883229665168865e-19
409,59.884234378438336,8.384285580721576e-19,1.0375523315780256e-18,1.0375523315780256e-18,40.11576562156167,461.71722622365394,3.3255971268498394e-19,3.946992719284904e-19
410,59.884234378438336,7.596023340567022e-19,9.392165687372544e-19,9.392165687372544e-19,40.11576562156167,363.58227201886325,2.6102700975573805e-19,3.5906486488226757e-19
411,59.884234378438336,6.881928769258503e-19,8.502315383124078e-19,8.502315383124078e-19,40.11576562156167,286.6739906149611,1.9992816304717123e-19,3.2210616814728146e-19
412,59.884234378438336,6.235019795061596e-19,7.696947087667609e-19,7.696947087667609e-19,40.11576562156167,225.48044492048575,1.5428147913144203e-19,2.819763439990435e-19
413,59.884234378438336,5.648695285830957e-19,6.9680565296278e-19,6.9680565296278e-19,40.11576562156167,177.16455058983283,1.1801494808593552e-19,2.4380758259446565e-19
414,59.884234378438336,5.117322096293643e-19,6.308414829562267e-19,6.308414829562267e-19,40.11576562156167,139.3794030110943,8.967860375291711e-20,2.0821868340575865e-19
415,59.884234378438336,4.635711695967318e-19,5.711393838718435e-19,5.711393838718435e-19,40.11576562156167,109.87150827609872,6.798072594543325e-20,1.7575059467163609e-19
416,59.884234378438336,4.1990779489401836e-19,5.170962765397685e-19,5.170962765397685e-19,40.11576562156167,86.54087300881122,5.111243935698505e-20,1.4740976982240459e-19
417,59.884234378438336,3.803201339650187e-19,4.681705405273933e-19,4.681705405273933e-19,40.11576562156167,68.00351887934755,3.778701938918164e-20,1.232676752634862e-19
418,59.884234378438336,3.444407193100115e-19,4.238814925556835e-19,4.238814925556835e-19,40.11576562156167,53.45790289572719,2.785937091529367e-20,1.0232430869624048e-19
419,59.884234378438336,3.1192766007942e-19,3.837894239838812e-19,3.837894239838812e-19,40.11576562156167,42.10593782677567,2.082455052783936e-20,8.411313498239287e-20
420,59.884234378438336,2.8246334290295514e-19,3.4749213502872356e-19,3.4749213502872356e-19,40.11576562156167,33.1984304902188,1.569684556628663e-20,6.868489105112079e-20
421,59.884234378438336,2.5575815088528505e-19,3.1462537255556593e-19,3.1462537255556593e-19,40.11576562156167,26.104879310592153,1.144439171770825e-20,5.620168128705844e-20
422,59.884234378438336,2.315614941786383e-19,2.8486660295169047e-19,2.8486660295169047e-19,40.11576562156167,20.512028253650413,8.242449086732112e-21,4.585419046377846e-20
423,59.884234378438336,2.0964320492130677e-19,2.5792426159357826e-19,2.5792426159357826e-19,40.11576562156167,16.14063198042399,6.02731650391855e-21,3.718427959963085e-20
424,59.884234378438336,1.8979010695932815e-19,2.3353049217436056e-19,2.3353049217436056e-19,40.11576562156167,12.725070291128727,4.533202043818621e-21,2.9961835212610857e-20
425,59.884234378438336,1.718062982214463e-19,2.114410760769351e-19,2.114410760769351e-19,40.11576562156167,10.019770438270694,3.33807199803858e-21,2.414263499524033e-20
426,59.884234378438336,1.5551730110955374e-19,1.9143763573748488e-19,1.9143763573748488e-19,40.11576562156167,7.87300111963894,2.3735409363197403e-21,1.9463569017056816e-20
427,59.884234378438336,1.4076723966641788e-19,1.7332585136243192e-19,1.7332585136243192e-19,40.11576562156167,6.189946093111403,1.6970703069548536e-21,1.5642765173791836e-20
428,59.884234378438336,1.2741219809315e-19,1.5692725360608462e-19,1.5692725360608462e-19,40.11576562156167,4.876509648273225,1.256005337541844e-21,1.2518203939009773e-20
429,59.884234378438336,1.1532003182352036e-19,1.4207841851134437e-19,1.4207841851134437e-19,40.11576562156167,3.8443960026482635,9.439298645310032e-22,9.993590733324367e-21
430,59.884234378438336,1.0437088301079052e-19,1.28631420651914e-19,1.28631420651914e-19,40.11576562156167,3.0222473962482415,6.705597232893838e-22,7.990074347347931e-21
431,59.884234378438336,9.445853624987481e-20,1.1645540541796177e-19,1.1645540541796177e-19,40.11576562156167,2.3748987527209775,4.7168343670749515e-22,6.378715375510659e-21
432,59.884234378438336,8.548611528366406e-20,1.0543137985977447e-19,1.0543137985977447e-19,40.11576562156167,1.8691770535218404,3.409787364825903e-22,5.081027263926818e-21
433,59.884234378438336,7.736456666401482e-20,9.54500086595492e-20,9.54500086595492e-20,40.11576562156167,1.4737723862840806,2.5669120131252474e-22,4.0385431589092166e-21
434,59.884234378438336,7.001267381443599e-20,8.641163241820174e-20,8.641163241820174e-20,40.11576562156167,1.1600771302968889,1.8627019391074437e-22,3.2100380340777612e-21
435,59.884234378438336,6.335781591619283e-20,7.82273096668169e-20,7.82273096668169e-20,40.11576562156167,0.911491159138053,1.3009639627586753e-22,2.5500310999947636e-21
436,59.884234378438336,5.733495620021805e-20,7.08175174093466e-20,7.08175174093466e-20,40.11576562156167,0.7167567793198789,9.195904542140204e-23,2.0236353834026065e-21
437,59.884234378438336,5.188431359103525e-20,6.410914242036564e-20,6.410914242036564e-20,40.11576562156167,0.5647807931265068,6.804571030250653e-23,1.6043155828166922e-21
438,59.884234378438336,4.695120578048259e-20,5.803528283313763e-20,5.803528283313763e-20,40.11576562156167,0.4451578529090301,5.0887067017239297e-23,1.271011382122618e-21
439,59.884234378438336,4.24862057749966e-20,5.253548668798257e-20,5.253548668798257e-20,40.11576562156167,0.349894432285024,3.561964673070967e-23,1.0063527399526296e-21
440,59.884234378438336,3.844548664169088e-20,4.7556222136611174e-20,4.7556222136611174e-20,40.11576562156167,0.27497244425764333,2.4791262490226725e-23,7.961820591571516e-22
441,59.884234378438336,3.478908051165286e-20,4.304864686290334e-20,4.304864686290334e-20,40.11576562156167,0.21646583458775223,1.7885489307510196e-23,6.298324099003673e-22
442,59.884234378438336,3.148031295490662e-20,3.8967919712174637e-20,3.8967919712174637e-20,40.11576562156167,0.17068434747778627,1.34896312400772e-23,4.981913605064187e-22
443,59.884234378438336,2.8485814033191596e-20,3.527321915490129e-20,3.527321915490129e-20,40.11576562156167,0.1343107344977909,9.665726736951272e-24,3.9370679473060195e-22
444,59.884234378438336,2.5775850272212645e-20,3.192818660260353e-20,3.192818660260353e-20,40.11576562156167,0.1055283051177193,6.686385497962676e-24,3.1079283289707273e-22
445,59.884234378438336,2.332374552830503e-20,2.890018946300371e-20,2.890018946300371e-20,40.11576562156167,0.08299767278741116,4.709362566051274e-24,2.4536577776548607e-22
446,59.884234378438336,2.1104983903336995e-20,2.615922121963703e-20,2.615922121963703e-20,40.11576562156167,0.06541141784399841,3.49560437933925e-24,1.9384208682613114e-22
447,59.884234378438336,1.9097167907361618e-20,2.3677852774907168e-20,2.3677852774907168e-20,40.11576562156167,0.051544298991830106,2.5949686084102918e-24,1.5308639705347033e-22
448,59.884234378438336,1.7280199001149242e-20,2.1431460781161383e-20,2.1431460781161383e-20,40.11576562156167,0.04053963991386638,1.8256110363197992e-24,1.2075556225812601e-22
449,59.884234378438336,1.5636084166850143e-20,1.9397993348260565e-20,1.9397993348260565e-20,40.11576562156167,0.03189151590189615,1.2897389669163404e-24,9.523912257322831e-23
450,59.884234378438336,1.41483703771024e-20,1.755727436042345e-20,1.755727436042345e-20,40.11576562156167,4000.0,9.157684620728414e-25,7.51036846473392e-23
451,59.884234378438336,1.2802314241557866e-20,1.5891020920227987e-20,1.5891020920227987e-20,40.11576562156167,3146.4065296017056,3.7445551959649775e-21,3.9223276604767192e-22
452,59.884234378438336,1.1585192701189043e-20,1.438279546818791e-20,1.438279546818791e-20,40.11576562156167,2475.1571473722447,5.4063050391028955e-21,1.0806290288961072e-21
453,59.884234378438336,1.0485838777615535e-20,1.3017527173950594e-20,1.3017527173950594e-20,40.11576562156167,1945.9154672645138,5.984999386952431e-21,1.6677209212180991e-21
454,59.884234378438336,9.493116922564143e-21,1.1781782773340337e-20,1.1781782773340337e-20,40.11576562156167,1528.561578712397,5.97013915019167e-21,2.049474413914549e-21
455,59.884234378438336,8.595096994673929e-21,1.0663730246081166e-20,1.0663730246081166e-20,40.11576562156167,1202.495014912058,5.3188055193562795e-21,2.50545766097516e-21
456,59.884234378438336,7.782378046829298e-21,9.652212670004639e-21,9.652212670004639e-21,40.11576562156167,948.2943824125157,4.278081644687634e-21,2.9968226916839487e-21
457,59.884234378438336,7.048182279644959e-21,8.73672177768179e-21,8.73672177768179e-21,40.11576562156167,747.4698262225292,3.406981264689361e-21,3.1483561404661168e-21
458,59.884234378438336,6.38491703930499e-21,7.908054913471008e-21,7.908054913471008e-21,40.11576562156167,587.4247637862654,2.829769372603895e-21,2.9585842553779803e-21
459,59.884234378438336,5.784468578715848e-21,7.158247178902929e-21,7.158247178902929e-21,40.11576562156167,461.71722622365394,2.2943845822956205e-21,2.7230950252372367e-21
460,59.884234378438336,5.2406323467494006e-21,6.479812720757798e-21,6.479812720757798e-21,40.11576562156167,363.58227201886325,1.8008686915150433e-21,2.4772475001044502e-21
461,59.884234378438336,4.747965718827448e-21,5.8658904337172085e-21,5.8658904337172085e-21,40.11576562156167,286.6739906149611,1.3793376628995927e-21,2.2222634618726836e-21
462,59.884234378438336,4.301651638335133e-21,5.310253618967569e-21,5.310253618967569e-21,40.11576562156167,225.48044492048575,1.0644136459627506e-21,1.945401256603626e-21
463,59.884234378438336,3.897135866158528e-21,4.8073800092268965e-21,4.8073800092268965e-21,40.11576562156167,177.16455058983283,8.142048435939771e-22,1.682068725136717e-21
464,59.884234378438336,3.530531994227689e-21,4.35228229091599e-21,4.35228229091599e-21,40.11576562156167,139.3794030110943,6.187076974782392e-22,1.436535077241971e-21
465,59.884234378438336,3.1982603622666702e-21,3.9403876033652656e-21,3.9403876033652656e-21,40.11576562156167,109.87150827609872,4.69010421524797e-22,1.2125324061701761e-21
466,59.884234378438336,2.8970189293539513e-21,3.5675352112800934e-21,3.5675352112800934e-21,40.11576562156167,86.54087300881122,3.526332975960299e-22,1.0170043956219987e-21
467,59.884234378438336,2.6238965759531132e-21,3.229988391781298e-21,3.229988391781298e-21,40.11576562156167,68.00351887934755,2.606990016717733e-22,8.504441073285836e-22
468,59.884234378438336,2.3763580777045787e-21,2.9244308359978803e-21,2.9244308359978803e-21,40.11576562156167,53.45790289572719,1.9220649440464626e-22,7.059523664321216e-22
469,59.884234378438336,2.1520446682571747e-21,2.647828925286257e-21,2.647828925286257e-21,40.11576562156167,42.10593782677567,1.4367208769223875e-22,5.803104719025142e-22
470,59.884234378438336,1.9487650760191955e-21,2.3974078202940313e-21,2.3974078202940313e-21,40.11576562156167,33.1984304902188,1.082951880909775e-22,4.738684668861754e-22
471,59.884234378438336,1.7645211821272684e-21,2.1706544812761816e-21,2.1706544812761816e-21,40.11576562156167,26.104879310592153,7.895679426761659e-23,3.877447366081004e-22
472,59.884234378438336,1.5975841222296276e-21,1.965343697495902e-21,1.965343697495902e-21,40.11576562156167,20.512028253650413,5.686605319187141e-23,3.1635568319057787e-22
473,59.884234378438336,1.4463659269773598e-21,1.779463918005277e-21,1.779463918005277e-21,40.11576562156167,16.14063198042399,4.158347962852389e-23,2.5654053056072814e-22
474,59.884234378438336,1.3093958558834765e-21,1.6111671592298034e-21,1.6111671592298034e-21,40.11576562156167,12.725070291128727,3.1275330869598776e-23,2.0671168819508549e-22
475,59.884234378438336,1.1853223454736608e-21,1.4587685176957366e-21,1.4587685176957366e-21,40.11576562156167,10.019770438270694,2.302992629477153e-23,1.6656405950420095e-22
476,59.884234378438336,1.0729416435437344e-21,1.320761371260983e-21,1.320761371260983e-21,40.11576562156167,7.87300111963894,1.6375463232008376e-23,1.3428240576362448e-22
477,59.884234378438336,9.7117833395189e-22,1.1958050760230792e-21,1.1958050760230792e-21,40.11576562156167,6.189946093111403,1.1708377616983845e-23,1.0792204466294183e-22
478,59.884234378438336,8.790395158405919e-22,1.0826683428483384e-21,1.0826683428483384e-21,40.11576562156167,4.876509648273225,8.66539532565165e-24,8.636517672018623e-23
479,59.884234378438336,7.956135001985302e-22,9.802236831401e-22,9.802236831401e-22,40.11576562156167,3.8443960026482635,6.512333411596655e-24,6.89474498285402e-23
480,59.884234378438336,7.200733662951838e-22,8.87450535113009e-22,8.87450535113009e-22,40.11576562156167,3.0222473962482415,4.626306276077114e-24,5.512485655008711e-23
481,59.884234378438336,6.516863150504807e-22,8.03446111190864e-22,8.03446111190864e-22,40.11576562156167,2.3748987527209775,3.254224880725559e-24,4.4007822461198285e-23
482,59.884234378438336,5.897839798410242e-22,7.273894593028275e-22,7.273894593028275e-22,40.11576562156167,1.8691770535218404,2.3524708196451506e-24,3.505485578177726e-23
483,59.884234378438336,5.337519650025235e-22,6.5852625695296185e-22,6.5852625695296185e-22,40.11576562156167,1.4737723862840806,1.7709566650517673e-24,2.786258400486504e-23
484,59.884234378438336,4.830299428508393e-22,5.961689373812272e-22,5.961689373812272e-22,40.11576562156167,1.1600771302968889,1.2851100754623792e-24,2.2146588880704187e-23
485,59.884234378438336,4.371168893746225e-22,5.397038785339231e-22,5.397038785339231e-22,40.11576562156167,0.911491159138053,8.975574278806916e-25,1.7593090866317375e-23
486,59.884234378438336,3.955641042792171e-22,4.885824379220354e-22,4.885824379220354e-22,40.11576562156167,0.7167567793198789,6.344413027552382e-25,1.3961398906743386e-23
487,59.884234378438336,3.579591472396675e-22,4.423001951249062e-22,4.423001951249062e-22,40.11576562156167,0.5647807931265068,4.694590895372415e-25,1.1068441540385094e-23
488,59.884234378438336,3.239247552382301e-22,4.003955829131835e-22,4.003955829131835e-22,40.11576562156167,0.4451578529090301,3.5107865349861636e-25,8.768920153199461e-24
489,59.884234378438336,2.931199226126745e-22,3.6245153302355603e-22,3.6245153302355603e-22,40.11576562156167,0.349894432285024,2.457460954554649e-25,6.942995944188548e-24
490,59.884234378438336,2.6524227952175136e-22,3.2809872016542686e-22,3.2809872016542686e-22,40.11576562156167,0.27497244425764333,1.7103920823923904e-25,5.492993278145905e-24
491,59.884234378438336,2.4001608049620567e-22,2.970001729135958e-22,2.970001729135958e-22,40.11576562156167,0.21646583458775223,1.2339508730778561e-25,4.345319225057007e-24
492,59.884234378438336,2.171883020905013e-22,2.6884652452650935e-22,2.6884652452650935e-22,40.11576562156167,0.17068434747778627,9.30673018541186e-26,3.437105600624928e-24
493,59.884234378438336,1.965287191379806e-22,2.433561403294276e-22,2.433561403294276e-22,40.11576562156167,0.1343107344977909,6.66855239473041e-26,2.716249099261454e-24
494,59.884234378438336,1.7783219508729276e-22,2.202781762142733e-22,2.202781762142733e-22,40.11576562156167,0.1055283051177193,4.6130533898413827e-26,2.1442118018571785e-24
495,59.884234378438336,1.609146864575431e-22,1.993874943435793e-22,1.993874943435793e-22,40.11576562156167,0.08299767278741116,3.2490710502535447e-26,1.692819597260578e-24
496,59.884234378438336,1.456070536876763e-22,1.8047707462222366e-22,1.8047707462222366e-22,40.11576562156167,0.06541141784399841,2.4116782140035887e-26,1.3373490270203113e-24
497,59.884234378438336,1.317547724931583e-22,1.6335767900475757e-22,1.6335767900475757e-22,40.11576562156167,0.051544298991830106,1.7903139568263736e-26,1.0561686988214895e-24
498,59.884234378438336,1.1921917946132419e-22,1.478594267859482e-22,1.478594267859482e-22,40.11576562156167,0.04053963991386638,1.2595208235658761e-26,8.331128556537858e-25
499,59.884234378438336,1.0787613754781774e-22,1.3383017817816697e-22,1.3383017817816697e-22,40.11576562156167,0.03189151590189615,8.898133782710189e-27,6.570706647917404e-25
